{
    "min": 12815.0,
    "max": 30463.25,
    "mean": 20830.6225,
    "median": 20852.0,
    "std": 3576.7068192627526,
    "skewness": 0.18971883164565956,
    "kurtosis": -0.17323850033156551,
    "percentile_25": 18429.5,
    "percentile_75": 23243.0,
    "iqr": 4813.5
}